area,habitaciones,antiguedad,distancia_centro,precio
143.63502971184062,4,24.77260517304909,16.289747161863467,250312.98732097016
287.67857660247904,3,19.317445492415775,12.363890595863287,436739.8859307014
232.99848545285127,5,22.506221620987983,20.11429916961627,375789.7696747615
199.66462104925915,1,11.348234718268207,4.157906105450133,296107.5142485384
89.00466011060914,5,44.46954580644221,19.459620755847276,128749.44825181055
88.99863008405066,1,22.530982836487894,15.448844014478915,106711.05714045807
64.52090304204987,2,44.12297202280499,12.793548029958911,69932.01098110391
266.54403644373383,1,5.284673995313705,28.637580614188074,361249.10316472
200.2787529358022,4,49.413763550006564,16.153651785229542,312002.5276152313
227.01814444901137,3,22.163654372180915,7.354406904628214,386376.47918499203
55.14612357395061,2,2.391541019705273,14.30994090194166,86252.0968010241
292.4774630404986,1,1.9010924118727457,27.66223473260751,408650.89227970724
258.11066020010543,5,37.31036287409193,6.106768668587245,442036.9132139164
103.08477766956904,2,32.95177671018404,7.20475412195887,152930.09914518587
95.45624180177515,2,40.10652790637938,1.3778574649554287,146211.08483336226
95.85112746335845,1,5.2683766976402975,1.4115114324772482,179542.84180091548
126.06056073988444,2,1.7785433517774174,25.052357181796864,170312.43036711612
181.18910790805947,5,25.428964472378922,22.23155559844572,279005.5476447636
157.98625466052894,2,19.379761574138477,11.29619063710679,224539.13261320302
122.80728504951048,5,23.09734683354779,21.25102355959961,229970.53762454982
202.96322368059487,1,49.5794204435137,12.460971862989135,250293.41398110797
84.87346516301045,3,48.53749788353351,28.634007083936996,74490.69558568322
123.03616213380454,2,47.11576948365964,29.04452776135501,103201.95916819251
141.59046082342292,3,39.19213383838369,12.391019498470959,211730.81022576676
164.01749605425897,5,17.74206801284452,25.772435283885173,286406.89962988073
246.2939903482534,2,20.60654651313858,23.41958220922652,346583.3554172289
99.91844553958992,4,27.480802185946224,9.98999817798189,178616.9148001507
178.5586096034029,3,41.52672282024199,7.729155038132073,273052.50077306014
198.1036422155106,2,3.435641625913388,14.288804861392181,307254.85647292936
61.61260317999943,3,21.214844294244408,23.65911637781778,86731.2816883841
201.8862129753596,2,4.1308831729634345,28.84486575713362,263244.13051052194
92.63103092182288,1,25.73287932867558,23.143792997130603,89885.97631902072
66.26289824631988,3,44.94504120031177,25.80100256553273,56238.35401110969
287.2213843133333,4,39.124246228196895,18.48886487894498,450339.37957405945
291.40800826863983,4,11.392120877155499,25.22682709442165,457260.0169632151
252.09933702911528,5,48.799542479939625,23.748204882099113,394385.2416268784
126.15344229334268,2,33.36751990232142,11.932580715862123,167470.76130022208
74.41802850159597,3,0.5213849698701534,17.00771876150091,133104.5126953501
221.05825662803923,5,12.770674234260976,24.33784053770115,392554.7983262405
160.03812343490034,3,13.035664995995827,2.335645291508735,288895.25739956985
80.5095587111947,2,3.4627153142929967,24.434299188319066,97715.30638977485
173.79422752781755,4,47.99132590379645,6.158755597421679,293837.12077239365
58.5971302788046,1,23.912764728796187,15.92582489652173,44131.7098949492
277.3301005196955,4,44.7907298685941,24.439987747122192,405709.9174838777
114.69499540000423,5,16.110775172231417,8.36081126654415,266760.2148575777
215.6305710884955,1,6.261678521641356,8.128415739878438,299458.1108167742
127.92776902235273,5,23.716805495310695,12.680167555405305,240177.78410090978
180.0170052944527,2,5.697831735715858,26.944641129751403,256562.46855999084
186.67756983581992,1,24.300775148876998,1.0128406616790286,285160.37330146495
96.21361388138176,5,46.01485906097039,27.140109802616113,125406.8335454569
292.3961569411397,2,26.038407091710635,5.460403714606626,418598.1668621603
243.78320584027864,4,30.824986344754173,29.71250490595698,371786.05288360623
284.87473539104724,2,7.831921848690415,28.690562798115575,391292.83278959175
273.70683760691225,3,2.1867812939984743,15.345580498147216,426248.07650011574
199.47499470277128,2,5.5403981089903525,15.868887186566216,325188.0646636166
280.4685587557792,2,29.926578784218282,14.964930867999774,401891.93233442836
72.12312551297987,3,4.750584949615233,19.427865724126157,125721.94528682587
98.9957156047863,5,18.79964449706557,3.630929364813,219735.0785032149
61.30682222763451,5,27.504597022907802,1.9459205019054286,142204.06431358552
131.33258269081608,2,19.43263993149235,2.6733849240610668,222354.91849752545
147.1693224223705,3,8.184190073265075,13.886595128003917,250938.36113316717
117.83725794347397,3,13.689565375705326,8.990890237365019,207614.91094486706
257.18437728798233,4,46.41587664242885,19.03914730875882,379537.54908288317
139.18833167339733,5,33.79911377931777,29.78082639186859,211036.93620696675
120.23362742184518,1,24.80239193399433,12.203372019217511,164828.55600354963
185.67402078956212,5,0.6357444993446759,17.641396369030886,340473.09799884533
85.23105624369066,5,49.62077002447351,13.052512981312729,151159.87280042868
250.54924518850993,4,33.572746744732164,25.57087836393392,379057.7616334215
68.6376609199427,1,15.846123867247247,27.164855700404907,55900.07007206277
296.72173415012935,4,43.96343299989191,26.44331275395254,452866.6835805036
243.06119232416435,1,12.921581014590904,29.25679492169847,286736.1159661591
99.6789203835431,2,27.20082895913758,1.7980563690720435,163220.05045354195
51.3805292809006,1,31.803538186491252,25.354668702220398,3973.8316233363275
253.86535711370854,4,11.053168572686422,22.801393018133705,390010.78304028505
226.71433596190428,5,48.91986394002979,7.632137872610579,369031.4011669402
232.25179201024682,1,37.409595298949874,28.7332827082383,274321.7184271702
242.81758667148642,1,27.890661275553498,5.297159918668418,347227.4350331904
68.5111629335226,3,9.029729908765043,20.70694788688334,89563.5254825748
139.61643213606817,5,2.6929103499013065,7.521816287661462,283571.8478337108
78.96726488128243,2,16.002991626049173,13.510038814448166,119646.15133912502
265.7758564688984,4,37.65936679567014,21.8556370113925,384139.18712313764
205.82453170688947,2,13.466564915101253,17.336414618958354,283875.64483656845
132.7245062131623,5,26.977811024775256,13.39755310851524,211471.85746554355
65.88958757150591,1,36.39735883653716,10.463814497027629,51561.49180103607
127.74558042891555,1,5.3971857323232175,25.350130015554917,138276.48689567807
131.29583050668674,5,34.264900805793665,5.170616159129597,237578.6193893264
232.40154458451602,1,4.593544385502235,13.472983419364201,332985.50110334856
209.38936783880328,1,48.25648710634983,27.208969581479124,222412.1923407534
271.8031856440816,1,24.419706503246978,25.529636963339062,334732.2296283078
168.05373129048732,4,7.533805385493869,12.627311111718354,267554.545848302
79.89856148457542,4,17.119181801677325,23.13014254443794,141003.04491352456
228.31119680574875,3,20.670822464763074,24.87166409055692,343345.0527698733
240.19626215422437,2,37.909250553826865,26.777735296105263,302878.4974003836
190.31929939237406,5,37.17118930383047,16.79066730242761,310739.7897330612
242.74179498864024,5,30.597025266866552,6.929365695586642,419699.0935602124
173.4488990910977,5,5.296535627924648,8.403963218614017,361750.6402206776
180.68320734549852,3,7.57846857938368,9.575145547206523,280780.4344370645
156.8852545896374,4,4.6878460322778315,18.22027194347885,267982.1460771321
56.3547816860238,3,28.858639164377504,1.9514790997296447,85940.98070320813
76.97285674832611,5,43.856922075570196,19.44523159461908,138146.67673871416
57.857296421683564,2,21.69002561273859,11.566272914418729,79803.99728412912
209.1026028159451,1,8.04240869788731,9.562012272199622,309532.3526756722
128.58899526908166,4,27.902116257448352,26.505400551115663,194267.41398280894
177.1426727911757,4,40.587610843285496,14.340069471843169,291306.88320534443
276.89161848152327,3,37.0856030756465,3.7565383204480907,438810.7424742692
112.32305728721875,4,44.072538983751066,24.975656272761164,166918.35376645604
152.59573075890745,5,13.895104862443391,2.381596465658691,294252.2779961462
238.88778463576216,5,9.697693363388742,22.075727500877704,422380.09156312625
107.19954137290561,3,43.990824297096935,23.44328043134929,119086.48580722793
69.24497745719825,5,32.878015638901154,11.225475571936887,138565.45626366272
122.43786322844201,2,15.546446500377709,24.918847832055814,162335.29133846858
90.30532181350111,3,37.11740252862546,15.954122769837149,130961.10859769105
282.42441308564327,2,40.75591922401839,14.435515944911108,377931.8164811371
252.03009489110423,1,30.748912017056618,2.316695162592084,360063.6506178071
208.35093912760587,2,34.394205493995756,9.41084661581827,321634.0397188187
267.8651475469294,1,18.762995222133316,27.999289155673694,325011.09936390194
250.91801922477862,1,26.934783367151955,12.3628949352215,366994.74421476386
96.64251472150896,2,26.207958536308112,16.85431509614628,121421.70658241541
273.13974962249443,3,42.402389556538594,16.428628690543302,359383.65499458916
184.83556047891267,5,41.998199014109126,18.122501604858105,278509.1624923001
251.86003879101563,5,41.63402346735216,2.778597713655196,416146.67622583295
274.02282498087334,1,0.5515807131232897,11.50311138916312,398117.49446811934
129.50086874296596,1,37.47727422344441,21.970719942594073,131261.8901264363
77.51298113191919,3,37.93381950555024,6.816247281116505,84150.95568367197
106.98379063548542,4,33.91894114275709,6.903772948844453,195551.26479994692
156.77694715656406,2,37.81323289457263,1.2926275939817171,218940.57502743677
254.50369148062327,1,42.09851857483544,13.686975871638083,353140.9054768392
265.18264581408584,5,23.515952705089283,26.59929703952924,417006.77112582134
51.738032632797676,3,25.10251067442236,2.5051273640319613,121636.97612270119
177.68682564439143,2,6.235702845569524,6.542442575384076,303864.88516896387
154.35275078719474,3,19.26879415236809,9.992451611939897,268524.5274565375
105.52695261768255,2,32.16825899558921,22.220017360362174,113186.03406577298
79.9663418334207,2,39.019988807363724,19.57843219127501,73084.65719439744
134.403792850907,1,10.860454884560527,13.062373232873796,181245.88843672766
285.72742597812976,3,6.89114495796177,23.012999238492895,445217.556162931
130.80073300518882,3,33.15210022502461,18.679299338050157,178029.97156034588
179.6976554358415,5,0.09399417624553208,26.985183190059352,313693.1854935443
225.75473972379447,5,8.918629215366492,24.722775725022096,384371.83616537275
140.9074005948235,1,1.4535690171976867,8.331594576586816,199670.96383114596
292.9455206802402,1,8.344255892743547,8.871718751391807,418808.96329989634
290.6118237355278,4,9.065963996275261,4.635337797979183,495207.1377899982
112.94557395634104,5,19.38367973751971,10.771977045806238,228103.40932965395
174.31212647309636,2,20.1163562343278,29.986773642853734,227886.56838963393
125.21957745419242,3,43.713123530511886,12.76678388983677,188660.97349537653
121.2101235943669,1,25.505485624941258,7.394164605984085,145035.42824606618
59.2217368386332,3,36.17023828061431,23.11200364979104,54257.08569859994
202.39108349497423,3,5.206867896014372,16.731659100417026,310355.1548321664
175.66975580721538,4,11.271937773184693,5.338442036281624,342742.52288894646
62.86968781249734,5,35.14717204893384,12.040000753665108,133273.29930944392
119.66161605915286,1,2.6401980234264046,13.019621750640956,171054.92199269627
277.06647149166344,3,24.329883112187655,22.86106131650734,406414.3169524955
109.89047266674311,1,29.968448283146692,1.5994696978652294,140933.27111547292
86.22371802280577,2,30.107282202624052,8.801569757151004,145089.19810147307
172.36319006939075,4,1.1466405634021015,16.010292738150138,311542.9588866647
296.41261352765014,2,16.105400211459276,8.796555531132457,451514.2669644202
110.51381787787511,1,31.8245325524577,19.224587375150968,98918.17319679455
218.03388685146965,1,7.449986807462173,14.974156898963882,292223.54229697085
240.4049038321794,5,34.77078241640266,11.48959739092784,398223.76557592425
109.4093859980999,3,37.296260440683724,28.527050179244853,119263.841294399
232.05408715296488,3,49.098459522307266,19.332625476407266,304305.75507112726
141.9457831798133,2,10.492099742820471,4.768299795770296,227325.60514178555
208.07645764839486,4,41.25653338330576,17.242659225858468,313126.4142134313
208.38242769022366,3,26.0148288459327,23.641223742826128,301403.1465106546
183.94367101868963,5,18.67312980720867,21.54620122729112,306591.18219562963
72.57244251360208,2,6.118837866258897,5.9905876495625225,115644.64018511873
258.82562389730947,2,36.77528032437688,29.200179972162996,318468.9822873926
130.19501624293395,5,11.792879957184354,14.015595726651574,273663.04389230616
96.62962759996356,4,18.571100093652287,5.611725108467578,176373.52579393174
60.19378538869098,5,3.127111344868422,6.22567686971629,180159.94747310452
197.72323579706045,4,40.068345790975954,3.8488147734833342,336612.073304264
219.3910904605706,5,38.32942619858217,24.302025144613097,340334.02706551255
54.14695723196404,5,36.680791502115625,4.538884335333611,161979.31155124088
178.02326457482025,1,14.972175524594334,4.628632457110661,270331.24131883023
106.6239437994845,2,8.674003713297862,25.663676828064293,167578.10405437008
211.29319760236245,5,31.877663223511487,10.993518448979229,353309.13625335065
93.59160725124786,5,24.808319205660972,1.894879224934101,202280.1520729413
222.73443452561648,3,8.91262334523208,2.5049636860339155,388092.158451325
146.68383657513436,2,34.295563552493185,5.122942954412971,211562.32084159437
284.1824971841836,3,49.556321591065185,7.188407091294996,447625.5913760005
84.3802360364983,2,37.360979387101885,20.289239632913755,93756.4011562821
135.26658776256463,3,36.99931933428059,5.562462120053019,199107.0247716096
78.36838031014727,5,47.51563764652958,4.447357344135088,135089.97200226074
281.1734045696407,5,10.14681837874511,23.176855102812095,464085.99938494276
269.33483834524526,1,28.27749824607202,20.46060323193752,353466.7058649223
114.4854069287889,3,48.98233575169417,13.62440242220185,160203.4586467113
214.99601150854477,4,8.264705548508728,16.929983372923015,378529.7035748009
254.30555005030396,1,35.012597972226054,10.047536589466135,362537.35348420654
188.80020289986558,3,29.2905072985951,14.99251218682546,275241.2571925059
182.41264458900162,3,29.323954609435347,15.693506820499628,253500.7076060015
110.46307272511292,1,34.88353137600376,12.229880864164782,107839.4989582
73.2756919514748,5,46.48084614378421,27.29059410949272,97799.47798462187
274.3039394883317,3,39.1290969925669,1.4657940844491781,423894.25085044705
275.10451429083264,5,2.8068051708105,23.68296662964614,467059.9650906237
208.27536431831697,1,42.636400993785564,4.607102105998406,268547.9273182533
134.75744776217516,5,11.277066496286631,24.128873455578784,246807.2378025182
137.3023936531652,2,18.8457082368186,18.861445554624915,194815.5933215652
231.48891971755984,4,23.08664068061911,25.45506463715567,355386.76786034764
274.27756498814426,3,24.045300037653483,3.8279154435860265,422785.8716022004
271.77160606627933,4,21.75901996276784,17.210438388893447,438494.91323740367
244.96888646440595,5,46.86766471079322,15.531548527603716,420741.6123621091
210.50791153857193,3,35.30095038320123,21.4796023059374,301190.1647164754
71.03499124876221,5,31.558532297835317,16.494426004916598,97708.97605570576
90.40717852365344,2,2.492101389147078,16.681302446860023,158369.2550833166
274.63854713176977,1,45.195666513018736,13.458282363705875,349304.3728067334
201.60726491489748,3,45.46950960041981,9.956198296212884,331014.6815369361
52.29926290415741,2,39.01065317150512,14.985666476313574,51212.36000259325
75.36788571650803,2,0.3514601906809578,4.436278404283617,118557.30116572647
215.87544227701395,3,2.864012553881168,28.883886830509457,292210.91485123953
51.265395961554674,5,11.261185113424489,21.71791214517135,145297.195978703
90.20201285437466,2,6.5674704072453345,28.621546383947557,128081.03089518062
187.18344734164654,4,19.941801485186474,7.575094087568934,359073.4646386458
222.97379942317332,2,46.13115290438948,26.500889585119314,275491.6343437352
212.99031487565014,5,23.603021709849912,24.454909552342617,346124.68324824487
106.06732736513995,5,0.6701313216082805,20.637419961272535,211415.2379211782
228.04480533688397,4,14.137284478938101,19.125846396470966,359803.8771145576
109.31227187420001,2,2.229745418648077,10.17994029276823,175492.33849024825
131.34992453981693,5,1.8143811306751079,24.67591276398589,249120.630135939
236.62285127950602,3,13.785992654777612,15.54394838291228,357401.8756949753
212.40822476180367,1,13.78061693394727,3.0558557008472755,293680.6686039539
262.3058526235445,1,39.3563301300802,10.07303166479877,356354.5349858517
214.40322307508583,1,48.7417326390556,28.1236158578145,223622.93627754267
192.0771508338679,2,18.560354694499914,25.66972755754054,209624.35056711984
73.41869195702311,4,21.44434394305193,29.475265244219635,118021.67436389862
141.92895076485837,5,42.23947181430107,19.211808095518844,215609.4525701934
116.30059192043136,3,13.406951004775669,8.177792121071946,214615.1944540885
110.9974108447709,3,7.819090220172398,5.72163644062905,216801.47476346558
293.2526386881114,2,42.65448117018252,6.420518777645388,428637.2894795363
148.2744311666901,1,2.3250293220032745,1.574074092070377,274390.7368492386
273.0116387942783,2,30.984972009970786,12.329781218592236,391802.14599467657
207.78465649931573,4,28.099642373340338,6.551402734486732,346189.94339418097
248.7028258854121,4,17.296022375084714,12.93800835324437,420137.28606779844
175.65927327629802,5,15.75947605486795,28.114838523324195,290668.0463812238
194.22597115658976,5,38.59288630908107,13.485666075708508,343182.1413352967
173.12942345471598,4,4.321230538127324,26.46155041256021,263417.7152051934
98.81074694951113,4,11.83921546556927,18.55963823186042,160475.01178301152
230.61302881537634,4,36.62243659190449,8.166815085180366,384450.61883069255
120.19309061021394,2,27.41602918632121,11.31978801851713,152761.86660188637
56.07899160786346,4,6.399410426679319,3.433666538821453,159988.22300411368
211.36807397679195,3,44.106780714103,10.670415214284304,317154.54251567175
94.27766985176223,1,19.672392328179576,20.64868741960249,90029.41331984382
285.1146460882286,4,41.39341876610864,3.0912216949536204,465603.65937982855
288.48214425064685,1,39.38565077638543,6.956640845862851,380905.3972210955
278.7160975551121,2,31.2212723235864,12.061790200986033,387730.79471315426
142.5396750638611,1,24.724056564754648,29.479436573462912,146568.76680793017
53.864154132216854,2,48.97754201908784,23.760992865807527,25480.6207337057
282.07964064693135,3,7.2482536189908515,22.271115648271014,426774.3980000463
157.04603707932858,2,36.25778637755574,4.369537739237933,237068.93322105793
291.6637047609174,2,9.55953507323945,23.648880914834752,426465.2564641915
290.9049942723132,5,16.91315526661742,23.772795533964437,494839.2471991457
263.25236386684,4,15.434937168659763,18.43197817310552,421150.3720782142
123.61222301739642,4,47.35179938693615,29.720491677952786,176544.0032510148
146.27443215048132,3,48.36780888941376,10.432363271812006,223989.99548609258
262.78416787921424,3,9.150772211736358,28.296900999013697,422841.33685845486
129.23050128906942,4,1.1017580148752093,27.527202333738604,215780.71895271758
92.37318667152311,5,36.000401983155655,1.3329391327319575,193588.11893687025
189.20031561458754,4,20.899496693524217,14.05337926776952,333659.631526474
284.03869354019525,5,4.442012254378219,29.336022758495627,468725.47111504234
224.00744916874325,3,34.18770527885213,3.990519509834198,373067.3177063528
192.51529252234124,1,27.255276413034984,16.885756137116264,258498.13206608687
74.29412344269213,3,49.0258411000553,29.389767704192018,32034.377284606435
203.75180667479245,3,11.370474793068947,17.109367299069945,325683.32727644756
297.51346252606584,2,20.198893816327413,6.504643786192523,457730.2508696586
85.021003809131,2,27.127290169771147,17.8833136726851,106634.1917355146
179.58241309093418,2,39.584999422667586,6.928776644536859,253947.42111280924
269.3432679819889,2,27.441932836002934,16.071423623940042,360547.9689721855
235.1921544385511,5,30.64500804309746,3.147224319458092,428961.4287343879
224.253935248817,4,11.307352579497037,18.558997407217735,373562.08190069534
225.6210209967773,1,42.345936404427995,15.986908234716587,300641.1290822661
139.8727878049388,3,21.431527348523787,22.46467969408243,180366.9621065908
123.39796106612334,5,7.0479813760884635,19.290313663604767,247075.35023906603
252.3402888696284,1,33.209395725270866,16.938581787391943,327903.9839411894
252.52834866979518,5,10.804522659265375,21.003586628195514,428137.6472379193
266.7680796450259,5,4.878125511964987,5.174315493594695,481577.96845567116
278.31013813911784,3,43.099345420213616,18.265430176499518,405989.1203476661
177.83559971523445,4,23.008113224421983,5.9912074818605525,309319.7745698349
175.37907367179992,2,37.46418563478882,27.840144027704547,194145.41294166664
249.5737947416938,4,14.529377990317755,2.981689040522522,435164.3173229708
212.4909826944413,3,39.34850674588331,13.480867741033004,309213.6137566801
225.49171931442584,3,5.596796351076517,21.1781268520079,349033.6245996132
248.94816735902526,3,17.798668689742637,14.282644138379503,339241.12193143414
272.50133545439155,1,48.903090898676425,3.670762343754168,382746.92884893314
134.49878921288393,4,39.699485818400305,17.047991467674514,203232.76080537483
143.89573815998602,4,24.86279651573441,19.607325355993282,211543.85640198409
73.49548496021725,5,16.988873578094253,21.40997701872472,164272.85257750435
194.57003524904349,5,43.606785001123825,11.824534619420008,334144.68454989535
58.98556844918552,5,27.242387954225784,17.346139159834102,121633.88345576145
166.39950453311502,3,37.92125089345556,14.069907773228481,226255.64966695968
185.66115867689416,4,37.7053840158082,20.489625123815348,282477.56477209285
121.6353130320711,3,0.8972839284245915,17.923152052419738,207555.9727836567
197.7083151422527,1,6.312689139630673,16.24693036721491,291620.9370841954
57.62506248476236,5,32.98146831973711,8.23620663830921,130327.67940788066
59.337047187303604,3,8.080990564293572,1.0585370146987836,156731.3382102392
255.65014016491457,3,12.774667232780235,6.048368584031449,410500.0107964922
140.04766035281574,1,47.33189770998036,4.394915201300891,153762.28564850515
81.7651281629712,2,28.009112918745593,14.023457605317455,89607.42278291708
180.5608150137011,4,37.53647534996736,18.755486372093493,274857.601339363
242.4983882746527,2,27.899036939131992,7.179465251859437,360506.8973332473
103.95525687421079,5,27.62568073913626,28.232655783048425,176759.8101173447
205.72261895475006,3,4.707595506284895,1.1937817474927455,360133.15896407806
71.33686624844199,1,17.18315963045515,23.396729439794942,77688.4586035829
62.92043029215192,1,14.121544934325586,19.130938316382824,58080.812394197994
182.838657892037,4,19.53641828068066,11.833089230382775,281111.246123538
185.15878040252662,2,39.91720941121641,2.4641793879598297,271076.1520896669
209.35747537455163,4,18.59663339584324,19.197110581744102,306943.67818599875
231.5228334306654,3,22.584840961584135,12.182791873103794,364404.69015317183
293.96301986563367,4,19.869069524265825,28.151747042983356,460629.8611729917
179.07508707529882,1,4.6703985987647805,16.717712171803214,235713.4403763392
130.73911823531148,1,22.053607912539185,28.249893827511737,158833.6320812823
248.79654869217592,5,9.780463652225752,7.394027110725819,461268.773835513
117.70806281551856,5,9.336164788652074,22.046051400558994,241231.02896473362
159.74285517640902,3,4.701805221713318,18.900221604613044,259955.49218019357
69.61409533556649,2,17.833548707088237,22.44283866510804,66810.43932976808
56.33768585386438,4,37.87409423947087,7.225368055203567,123893.92984813063
290.66210366948127,3,13.822084529169803,20.284840970895438,432232.3754317362
258.99503012805144,5,15.617455094275678,15.4431713986492,443757.0148920534
223.9935515234245,4,32.13373288362118,22.541924272283172,336202.48096489493
152.2382361035675,5,9.792040629345944,10.484294680402716,314467.16201715334
93.32358001771144,4,44.847896521176715,26.811653738492325,132469.07111725575
89.10926066777151,2,26.00952616257772,3.4447381237291608,139556.40161693568
112.56072454114883,3,22.38014701601085,24.408490244944453,128369.8514027212
187.30666617653011,4,27.89100959646007,25.978269148637633,271584.0393731218
228.6489806750156,1,8.301715670809774,24.700317029637816,315834.45562470425
215.0493441794328,1,30.673656931958813,15.869065433591505,284363.8823857061
119.9834742364857,4,18.15503683170052,13.713164420892078,191845.51666505093
288.7163201657985,4,44.85931704823095,29.891606309221427,381333.1309949906
234.47422917394212,4,8.442710333884307,7.645986585210702,410909.2975089694
188.58851312785018,1,25.352555193272053,16.859403010405295,227955.55096195597
202.93018655858805,1,29.9056314684509,20.44959023608744,239178.52098469264
154.90001560694748,4,1.6691800893190611,21.325161439981528,278119.6363728789
111.93274737528937,5,18.184656237807012,6.916715306418782,253914.61591852456
138.99316966281538,5,36.63176173504164,19.965828677854237,220665.80499792847
239.46152761609227,2,41.01887537244867,24.732717427958782,308036.5765815896
53.598372157438966,3,15.658099740864117,2.4505387278122543,118724.68104990442
79.01816012672906,5,39.929663619137564,27.434117506434177,121266.2799876399
61.50066050543819,1,48.38779385516944,1.855617599210972,60760.93884691039
60.182200579742535,5,42.8436968037547,11.323159942163436,136130.76809913458
263.86514600275177,2,5.88219940796626,1.4585826907558999,416889.48901370564
225.9144648450059,2,36.98651660427703,3.2372098876478743,312531.5978701951
168.5434572718313,3,15.983341622027236,27.423880270222295,267334.23274933157
74.45854016275037,5,49.420799470603825,11.290964091638287,156026.4114575959
172.90396877920807,1,24.267949157994355,13.318374382326533,211896.68717742368
168.36794269514144,1,6.1216949179470515,7.244987060094026,253974.7251362164
93.30046747750379,4,36.25927740136954,18.315777335414875,162220.40161284804
158.46291230949328,1,16.15055991931069,18.2492932256559,216280.88126150798
149.62618359934336,3,49.85390785408308,11.793811362931358,217927.94446800853
203.96252451305412,3,48.989122892726094,10.658011282356552,293085.23793826584
208.77341271691094,1,32.80670090102903,26.663964937237047,272935.0471757926
61.32600244301113,1,6.491322447585879,12.11524294962384,84580.07840457503
143.6531536566178,4,34.343049883751455,15.311528772477839,222789.23416640924
206.4649789285591,1,4.65152432300136,9.215838110322988,319680.40378187527
175.78406464502194,4,1.4682079551196159,23.816315597356695,296016.1374469712
264.1224602970806,4,41.1479223110743,12.525996550073657,415230.7409432036
214.67340790473625,1,10.487647384184068,15.894720349785413,302780.2617972176
90.73360677035743,2,18.95135631095487,8.34735793173018,147905.97158762458
67.64218685010746,2,48.67286949880866,29.6421281778963,18829.310619571836
210.6048195515789,4,16.842025093055163,9.453376486787963,338391.8554531872
56.62782763540545,1,14.824489064165764,23.351533396260997,64926.176444924175
196.44389531836583,2,45.91039998113876,13.397373860346017,265704.4637025555
285.0575603562394,1,5.537422265947906,6.980304747440057,439651.01793465967
193.86854446896973,1,37.979120505731586,24.191844154980974,198043.61958509666
147.0424815516305,1,49.4032783326387,10.674596881842252,185811.49686184005
210.82205461058828,5,45.06480053873244,26.09060707453652,311164.7825477404
164.56322262287915,1,32.5833959353213,27.54245836261687,167083.24877162804
186.40419732898374,5,15.703039749636599,25.934891226347002,311082.8762766652
285.3662021941313,4,12.716099058915836,2.015229529397364,476633.0420153485
146.52565945019356,2,40.962755243573056,23.833827005148063,171132.10444803705
290.2976409559785,2,43.99109569758476,12.928844528475173,403552.60147421545
276.33766048901595,2,26.27174562728464,26.33796468528453,391464.7543141785
98.94778369732411,2,12.216997039323306,19.500673617857423,159903.49880304007
67.34032521879136,2,5.647160420558678,25.175650890174794,107234.76251990255
75.19450034435667,2,4.358973391591558,15.483521326138225,83498.00978172525
54.55545641288743,2,35.95387236769278,16.51573963336905,38820.33053725098
73.6107401889821,4,21.00593639238625,5.18724133187635,124912.38976999877
220.7516933540892,1,45.26799371389352,23.735633401991308,240485.1453967322
67.79716211505725,3,36.983565036338184,13.162298738342178,88644.80749600586
129.7439075734403,5,9.563020895729334,15.502323429875895,260206.61783308352
261.2188277423636,3,30.688870940784952,23.76783370877552,365804.70473782124
55.81798393395647,3,21.775272719907967,18.36651660230373,77837.6189121896
253.61712064723395,1,28.862486538430655,6.831863095837356,360625.938488742
120.46369369334998,1,36.90345616692586,18.11674711537589,101918.94546423014
79.54120690541407,1,40.30979405018954,12.821352881410018,60780.41325065358
224.18429134103766,2,42.186866320336215,14.616240719272017,297303.7398654156
207.235711694971,4,12.698743728601237,1.8210269576773657,371476.7400690304
269.36800338176323,2,1.5557799958678842,7.090851135972167,429468.83265821583
233.76776095097145,4,36.96473675823866,9.15010436004982,397896.44279411447
250.87023259621213,4,5.3171863127887296,21.67584022790537,421261.5245419351
120.50864314282663,3,15.745979430648383,1.3332817256453442,210810.77146492185
94.35988594493071,3,0.19085670621735717,12.85454057564483,171719.955168117
237.6536879102146,4,34.083474120081,27.796779242346254,341861.9122041665
251.708684816816,4,8.356600573561062,4.244537879924591,433005.06314400263
297.62628550016836,2,32.76412048458291,15.97630725833972,425810.43063630385
153.15441922785664,2,49.587130858391944,23.809149089334564,144629.50651016028
143.0045214481958,3,3.633543580500814,28.333407918083385,227417.13857572337
244.1032401854992,1,3.8539005975730345,22.65652254647782,362391.1764484504
135.20088506325447,4,17.019004633333743,21.896400910687777,217941.91303009514
282.6893314008912,2,43.3193257125671,24.96815461567711,366437.8957806481
264.60318796075296,3,10.776493439566593,13.939835408348767,420604.2813929954
157.24850684375457,2,18.018890996517378,24.36949144591716,224405.67603168328
237.71776694787434,4,3.4252703313489787,1.2309677376180828,425825.03886296775
238.6357185211706,4,38.15776456294447,27.812270605927342,358180.4494984828
75.78096720898316,5,20.415317137972554,13.855888775998084,172871.7762103046
275.63822666989165,1,37.96243665304214,17.04802544810668,396823.02411565237
176.3130931119643,5,45.18039221733975,8.391585218531587,297576.1467861091
256.61436652693544,3,11.638157355064438,22.53339415237222,358576.5974147818
130.01240025765293,2,40.36980151699757,3.2224383877822156,166709.83528363472
273.8808071240501,3,2.9546945039126635,26.306438273858223,415432.56319544837
147.30041968354078,4,44.942369409012365,25.01538804118394,221395.7154442422
52.70941287007459,5,32.53842737793737,7.2657433710982255,122206.5680786672
276.3454941048159,5,43.71133620691758,24.470407550272608,418402.10310163104
72.82166919653339,5,0.009419977829094872,23.804374258782964,171886.9763593787
129.8284093976037,3,8.454053517799625,19.33428133486452,193141.50889570004
287.51549176270123,4,19.487969371324603,11.832085130090938,458952.0570246231
287.651786734389,2,18.975145168735928,8.873463871274168,417239.7068761453
193.35947203082154,2,11.336519146175533,7.721724118391151,320932.6620565129
207.95930304244982,3,19.080596993360004,10.239659920144607,355504.129906971
162.11138049457995,5,6.442435600012741,27.20319485954338,258627.02058037455
123.30269292451614,1,20.638056463301304,3.251582503674657,175680.03543130026
132.16613634247898,3,40.11771645796321,25.0372670113358,189165.8386590578
218.1296140192596,3,23.95350315516756,11.117812176212883,346985.7212756297
238.09363235942,4,0.9000044472607494,16.126382484329387,396649.0906282241
247.89476093146214,2,21.07220207896237,24.04008337580623,319497.3407724549
247.40453569863848,3,1.358750804542208,26.646919863666167,393748.38129342615
72.80152576217259,3,48.31217053533991,10.998661182106764,104300.5239678729
173.60507617564537,5,6.372697971143449,14.393460956978199,303153.19856224186
64.38969000416107,5,35.38441631653094,13.020965879686976,153006.55273846156
187.38222058093388,1,48.63881614460429,1.384279971613406,225659.90135720168
160.38262534334427,4,41.30195258332859,9.582343776901041,256800.0055653745
271.92604568957495,1,34.96576875631018,14.316487778244293,360321.1036709817
137.72875313801967,5,41.97304547503835,12.921714657532753,263052.37484964315
79.26675410690146,2,49.08993466303138,21.935947597954705,62022.60842320912
85.74792051320897,5,31.06722486267648,12.159304899411994,169266.40581380212
240.37765792936807,4,27.959240341466323,15.191917020149436,361777.2373388215
204.55451582906525,5,31.41190552316407,13.458649171838537,338896.60469087766
75.28066903069757,4,26.63379433807775,22.478158317936746,109071.46065888548
71.02670152874936,4,31.75445529548594,26.026199570621912,91254.86236632387
225.24228286478,4,22.49211039862796,16.42478329121791,362616.0151894844
68.19075159104838,4,10.922159144165356,23.893533631660546,87064.25519144724
255.46501482258904,4,6.012361325583782,9.606813778575667,415318.079669895
226.56055678912406,2,3.4170467766130197,16.699718694560794,341359.0679138442
70.33719516047495,1,13.165789187660003,11.011668656429201,92135.48648675298
71.20942852129798,3,2.3061782167866918,13.011826841583078,134982.81890233568
296.6598946252939,1,28.35853899596928,22.24000207956739,391539.38143606234
143.5676989390301,4,14.191422351176014,26.56821198764867,221886.952877243
142.66053676672271,2,41.22674040435161,4.523366341545197,203439.76301419712
253.19989181437563,5,3.7120436494193223,19.404538438134036,443790.8504998093
286.81214434596467,2,11.317574717074297,17.882170419756157,429543.3068926753
296.50026595571774,4,36.51230735450729,4.434036136102025,469035.6431349879
238.3445463147354,2,29.94041481917457,7.144935582763163,367012.9545811464
144.06489638272893,2,3.2245635624583766,10.019072347247727,235191.26673468936
70.8751791746672,4,43.86197285811002,5.841001053707543,149252.0031415722
244.2867289818592,2,43.86308814130898,8.068154993205912,367923.7818140742
189.60106243395126,3,16.520400193788692,8.760423166989519,288719.44630256045
156.05550231174408,3,17.020292167478235,10.734541158132728,242708.46590084184
276.588596273684,2,49.45141791750869,22.73232313123361,372170.0508301084
77.79937057653784,5,31.30880857965691,17.585453911667422,125245.95315988081
173.15627607271477,4,26.565826028402956,29.601153486590643,275268.93554788857
52.83841119185477,3,41.90760917759622,13.02733898205666,66137.09672388269
167.16516049853158,5,14.264516917865821,22.862087141270827,299384.5450740251
64.07581892045934,2,21.459129669817845,26.27258421991948,60363.570328120535
79.70447906701799,5,13.388833774416709,20.690376298103217,143901.28931314853
79.38156169427623,1,39.45804232943657,12.944077472107384,89559.31429974263
212.30257552901588,3,28.6674672817609,22.854244291626834,345338.75288656924
236.51121981635583,2,32.94125350700352,6.906346995407861,340287.7580813791
195.84219127428992,4,12.615362491970327,10.49901279022384,335314.5205763383
290.5431371186355,2,11.011265068865756,16.853872397879375,391359.2026643229
143.717644880926,4,24.418731449146936,17.686872231298302,256056.53496148728
121.42802157046518,2,36.87828745464134,1.6421027887062543,195656.01916627397
267.1497820473651,5,26.261987876008007,28.408311473924254,391645.3043163674
105.89895962986316,5,1.6322838772834303,21.20219086530431,183838.4919061994
290.80563486015285,5,43.42757531601444,15.375408756724841,432791.5902132861
53.038618672454085,1,3.234344675756579,28.060689797840944,49879.740617834934
292.46970667690977,4,47.79122418603761,13.733771392274026,454620.66433899023
60.78997798764403,5,1.2570979138636362,29.43263153784078,117212.59682638902
272.78577842451773,1,34.72252280653544,15.856257960061068,370232.529380861
181.92527727157497,4,4.110353185589083,4.314287329941404,342532.14487675787
298.2411990298251,2,45.53382897175698,23.17922820131904,389960.46756752935
68.44914118384972,1,23.221661811277137,20.688034027257373,72628.93431026218
188.4635711003302,3,6.876188740850769,23.416614917862017,270911.90405549994
292.32563390477475,1,17.04078498949233,28.59181883304475,401477.1164054887
180.7744610425372,1,8.241233767338102,23.518189776879524,224956.25493249335
207.34965953381564,4,8.5290955778545,18.72876146428276,371760.9210238092
223.9371722461543,2,47.40541600857211,25.861958168464387,261696.83567150854
163.6352661919433,3,22.26230561423941,20.524146741281413,236868.71901211084
206.88952002101587,5,39.440113195267976,12.835452647951769,346102.06860348757
196.07857798077507,5,31.980278058884092,26.682973163011425,309556.42080359295
275.28950262274725,1,33.82131811691961,7.435113362746813,391605.1366009791
61.36159508536447,4,6.584671923601926,21.724596972353,102723.2904860386
120.24079739805758,4,11.709222340774284,26.56534019328195,194961.60724604863
287.6028710191397,5,39.33751675772184,22.20817907139559,449722.4072242374
272.5659459727291,3,48.53831032373915,21.22098715256185,369952.56096980884
163.91418819642823,2,13.133782129932586,22.826510528083244,233145.35837043452
205.03314945038417,3,13.578438237551993,14.486602200718687,304802.53283427015
119.34529574528317,2,23.644856640545242,26.350949782553755,137774.37907651174
97.03028993094033,5,49.19201564277189,6.8996577789466444,171256.34182969033
165.92460123499552,2,13.447947291323553,4.6942060640098395,261199.07848991477
138.33805700651322,4,20.348595481713193,9.279754623436835,270304.51268000103
195.91402796271802,1,44.574000781175336,16.4157445064748,258462.38804231313
69.4336592412462,1,0.14605163106810037,15.806292066870805,111448.1000057779
293.5987019165416,5,1.9882982494284773,24.797363972621014,481881.1674789291
296.5526861199007,4,30.20358385356096,12.732491035716505,482774.7374068602
224.54042850493627,3,45.36900823564235,15.04598836245375,323035.08970074164
184.0240915860301,4,11.942833020096383,1.3876628145224734,342001.8242824489
127.38190407158194,1,23.48208873403545,12.882437856845232,160665.47144535946
253.44875492673717,1,22.523265082890916,19.78545275555992,364455.2296567819
221.1827931384698,4,23.648567304775508,1.4497415881711733,405713.7183099338
90.65423483622283,4,31.12598478648726,9.145576990401068,177737.6597637513
277.73179612346064,1,23.487188149534187,7.030734419392308,396494.52271421277
255.63431073079224,3,22.37340706612289,2.2175774383780587,417236.3155271277
287.449978322981,5,23.714421021563027,14.898542607521588,485621.96031593136
231.42987709708999,5,29.543372063552077,6.269975503616538,397237.3588970395
203.35379898394746,4,26.850374417567917,22.549364649310025,327156.33049920073
154.56075907265472,5,42.70679988252522,25.589908629137106,224135.84479653905
283.18212083850335,1,2.4748426746833307,16.821970297405286,414532.0533082222
266.5159723751021,1,41.66585357365062,29.469512933113105,284823.3458758868
61.30466752654735,4,42.1962306305862,14.063878572647265,93373.73561490835
56.591743624313004,4,14.245401076548042,15.88767809652255,150032.015160668
144.1158417195124,4,23.142597750792532,29.687314864774756,229199.40751480518
252.63833269545822,3,21.926924426871775,7.714904642986416,424632.7920793606
296.8190323287361,5,10.925491717706514,28.333832250630252,467625.7772638214
87.60422277588205,4,19.839842354315824,2.2422890984542843,188638.5061646052
198.53267883803377,2,2.2193886085427215,13.94521981763265,326919.07380965725
145.22271415775538,2,13.891103639086722,3.030101851858907,247379.18791440918
292.47859945365076,1,40.834108772535906,22.147807544495645,381216.66347932373
260.52973078392716,5,14.228115088144877,18.643859140520515,463737.4923616558
259.5821761777845,4,40.910333437412376,21.492393640560294,369871.3190639348
167.17328994874256,2,26.579973230221544,11.859931599072493,237696.5279030648
153.7048755844163,5,43.993133868057996,11.71497608691003,236822.94389470614
118.35176798267656,1,28.73897771322076,2.3142590898659434,147733.5653020282
64.09387416273178,3,1.483411153236991,11.148403246359553,148473.37448082614
266.1805940637633,5,33.77101037735446,27.949363665599723,395840.9143942092
253.2252522825194,5,2.242678401178433,11.99756957823302,464632.92467801104
299.92941832153264,3,22.5298509491567,25.109663480437128,462022.22520178923
299.15920926847633,5,46.4713347236557,25.427439637748087,448743.52727868356
188.85792640065685,1,8.260196966892508,11.823993534997781,279176.6571610944
242.24685379512763,1,19.493617647077205,19.32767173148948,336371.0015257791
286.19143247060697,3,36.49301544242392,3.7657764659187003,426940.15438565065
262.4118476693528,4,44.11292780474238,4.006678841294018,412244.7008371831
111.8370254357994,2,33.54715023712539,2.4110722461896863,154331.3252491173
162.63603382752336,4,12.90866270955846,17.849437707878174,267295.66596472485
82.28985378787374,5,33.73039264581081,13.356058351156813,173733.93180490265
288.5127568146806,2,14.8363820552045,16.892938343262962,415218.9255161561
201.54365861272,3,35.921461490936764,16.111122524743248,293644.4829746795
107.16070137586567,3,47.70165637925203,11.155886741631178,135090.69794731558
217.92517110146417,2,36.06967255531441,20.646729029880714,307920.95850512595
204.53206011447395,1,43.14402514562062,22.99655454657533,229484.3060795896
139.54067950821013,2,0.10519215879417065,1.4242195074525958,269202.09636726516
78.38939804990726,5,35.87860623657972,7.010026693297471,168599.37385942662
217.8932988981999,1,41.47937784326252,21.68384017441677,240887.8964857576
180.07692522594832,3,2.027936877234071,12.211985006381191,301098.07975074166
243.07959793390984,2,43.57988636441153,20.212034461306637,304673.7892018475
180.04087527799834,4,12.834711415502293,11.061917132302193,323943.00789756316
263.04537507963505,4,33.26460509890276,12.331899417559475,412719.2169505279
187.9767096936214,5,40.01774395117033,5.601687337000863,333192.0997406703
190.23449288384657,4,33.133225652967774,8.48869957031864,309700.8178814663
269.1634006645862,2,4.6142396036628615,18.55694096772003,393686.8448998265
150.87071655309927,2,29.816075943018415,13.561730228139826,194762.20828611645
83.50380711266018,4,27.47918283610718,23.45477780539326,143410.3162744195
57.195669078334745,2,45.016063403713574,25.72496369321194,26730.2163003692
238.78431391840476,5,20.21198648221046,16.707746128286036,399828.62873334886
205.07738783836618,1,16.054054854352508,22.989751469625716,262609.3154873129
226.01994202480589,5,37.49253822182331,9.90023088264253,371553.9861478139
103.24104037722768,5,20.633766304169832,13.034165246602267,203489.19236682676
84.09286889669244,2,32.30480875025315,21.670552610288098,93577.83659461165
53.63616641697048,1,32.322504506230345,12.20014779169389,28219.394549986126
137.64688970164923,2,44.40195321800589,18.066643119610674,152594.8151990585
197.47942171365827,3,29.934620115954868,6.375810593392833,334207.1526720869
148.0610112749331,2,25.107680498099345,18.393368134144442,194755.7521540181
159.36873050593226,2,6.94356631982585,25.983897509579915,211868.32228605263
276.0396736234371,2,5.786880333935268,26.190549554879343,375733.45690807264
137.06386675582507,1,7.716078264153969,22.00598778355665,186627.91086458392
178.4973722899527,2,8.592424066354726,22.626847993207654,238061.05117949634
245.91325318528578,1,31.893854633181697,17.17989590937032,322386.84341158444
149.13569558031753,4,37.04906251372893,17.955374614808917,205120.95558738068
205.52167505696838,3,26.499576146320937,4.875866860905022,344303.7947227833
265.59092718668626,1,41.45088662727455,13.871916464217733,366844.5148785981
287.3801559144105,4,49.56316133668166,14.07251223270455,440629.8532516953
86.76837023225949,1,41.0006314559678,28.796437234364465,28541.84745261305
281.64690629037364,1,34.74411868379796,13.501519016075394,393304.6348782502
173.02907326988455,3,26.62463497185733,16.93093670217997,246646.8665340043
114.56109707473959,5,22.44265358373541,16.46429057909397,198905.83268936188
164.78393905956534,5,4.219619027227117,19.466089794285487,298272.19428718515
295.00814382136923,1,19.968437419734546,22.69875210862498,391095.758994872
173.1545234982174,2,45.50673183910671,7.526214408955291,231596.8948226045
132.18790257187703,4,40.40113149532765,16.333008153854635,224319.81977334907
208.35021357918146,2,10.80256825058436,24.951613512164883,321996.9150404975
110.03640469454827,2,23.330389234860792,14.430326701287832,132326.51634414398
68.96583202716599,1,40.83616012792723,9.075268844833618,54129.564308285655
82.2199304776623,1,3.369227739276126,19.986563185332674,102128.76664722632
82.01145973944311,1,19.369629283432964,24.889254478174564,68038.30400532416
87.9756733780736,1,42.59206184369738,2.8310684948943483,109700.29247280204
84.70679316235254,5,20.194893208506187,23.526924018809588,173551.22883659037
210.21868620080366,1,3.880732236572043,24.827790055891363,293032.20608690137
95.47002109978621,5,27.126718426612573,14.384164900069598,196455.98694067504
136.4168208309658,5,43.08712474591477,29.515864047735555,227392.81121885867
274.19710247650295,1,29.514277147657985,23.814541880511964,330318.08356233087
168.4904100657181,3,11.313955410711591,23.436214381974306,276750.8628032361
216.8894346302568,4,19.211981006869067,22.687318657950083,334552.6591112698
93.07996780040746,2,22.50616805909661,5.367634993329946,158155.39196498907
98.0722547021677,5,28.96331769102634,7.299695707137314,188100.6795237589
60.21715406661971,4,37.967551287630656,14.455713812468325,89819.3063089631
92.23376576804114,3,4.94368088203177,8.65612614882451,186026.47484461134
119.64758475798966,2,44.482601650878316,13.041988197687173,119973.84874948414
94.2526210691867,2,0.6154851508037795,26.7654591877647,142074.15925177155
72.1756334392639,5,18.502616733712763,24.90547986449881,158849.32623130933
80.1589677751502,1,1.3710154986328826,19.271156475919483,102991.89601968785
165.19469200818145,3,19.648711267264563,25.885491433282002,238498.759412122
101.58342960144813,5,26.29062994366619,23.72939928150023,166121.17372187876
141.06746526201886,3,25.584069329075586,13.440563023385824,229252.74355323607
175.85431771371424,1,8.281417351413268,6.8308894094484085,267053.25909637264
222.59870715734132,1,32.287025504780615,15.911830160270837,275964.79397033236
59.828034960274735,5,2.238922525233411,22.350637593327953,136929.6554771999
249.85259972726067,1,38.09534100662077,13.656168363158198,326981.19048751675
206.97509737272694,4,47.33222169967731,20.33638538373302,296565.62064415927
70.43975798721797,2,16.988441357555896,3.735495362440265,100756.53369814092
268.3946560266943,5,25.861969085716595,22.6921373547707,441831.0448735419
280.2181001329533,3,18.945513902940718,24.568694976898797,408591.5895041632
65.26948996371594,4,0.3355195152029977,21.49829781763569,134802.59143349918
119.21941203680093,5,19.293725144755797,29.0506440382646,192760.10602295498
251.55031994826533,1,39.586012963067326,24.97290966635857,314922.71973619336
237.0649225959146,1,29.79944210917409,27.189718108419612,294398.94833357964
96.13025483909433,1,5.0629957307579465,28.073561420271794,121177.02952429623
102.33733083417758,1,42.35697448468925,24.239091764340447,89879.81893198099
142.6180256978455,3,26.554267244262142,20.553506418188473,203225.49243857246
171.13074629775534,4,42.08616808723381,1.1658388594628892,281182.5213779351
204.563692882574,2,29.01107593925147,14.508946843470616,301805.859956418
142.2284098924431,3,27.984422241896993,17.56370666004847,205992.13779487385
165.63367903328697,3,5.26295925985062,9.816877900991988,280978.0399891525
236.86773453343915,2,8.367986656931398,10.22502896020069,363903.9831284358
59.170800722649474,2,48.601262824829554,28.87362305559479,16383.57648809814
113.10923608600518,1,11.424337337738539,26.859615090879633,122202.20169606194
228.3373964711381,3,48.8726058995184,25.62619115954942,331274.21992907854
273.80170942179984,5,26.59563532621317,12.774342249477208,442840.9134956168
177.9193605289165,2,6.7894523531968565,1.397257961858522,285077.5093550367
183.0283713163289,2,4.965110137684647,3.326445147215708,323689.4228146911
76.79300283494402,4,10.443203535287,10.053694678310507,159016.84559308193
161.85309170586368,5,46.28186650126679,1.4565444768746325,286825.36284265603
183.15431661375578,5,20.70751121641134,1.4973436755407454,366552.23420474236
110.61762590868241,2,19.77171339964572,27.58149574762992,109688.79970889179
117.31080773734524,1,15.660313053508702,21.47859656145257,149670.52186840514
144.32104077615566,4,7.3530925283294195,9.959723711976427,269893.2676517744
55.01779944443159,5,24.39255985962032,4.846692750427642,155412.78576865146
130.51979139579458,2,6.502389125556935,15.837435818957236,204292.89065900233
102.86200174913617,5,41.77401181911638,1.1550386647765691,200789.17467779518
131.87433804447866,4,18.519849313765324,28.213998571886176,218631.41731142887
79.9405329548128,4,18.740178389089817,13.02963846227947,146859.27844639937
272.6318201849738,3,23.700321424157796,12.66771370188265,426044.71673451865
198.39811338851217,2,22.20638565828758,12.327214619871683,309302.22246767435
219.7755797861224,4,49.742898652966076,3.010521581245178,374582.9533614242
247.29280965183457,3,27.269056060915126,19.511344953962972,360640.5734698004
174.6105497322643,3,4.410085189493534,22.257104969222247,279938.55858407356
71.73007202185592,5,30.343867078846497,20.607636530060418,130643.63604076224
184.27663545463693,5,7.579214643493998,5.014629306552435,396363.4233343881
196.71027950521977,3,1.5468822365670987,17.786364873032184,329647.6973633055
236.3598685460825,5,48.53710768386241,17.515050040995362,372233.4715908247
157.91488655741983,4,38.6769445767282,26.18391285030008,230515.99216066755
81.89507569889093,1,49.005449620688346,11.994702092893762,75954.34097355155
120.94397644968112,4,23.89392240111212,11.773092366123592,220527.0106529146
140.77057409965877,3,26.612876557448807,18.93728470282738,203068.4419216862
211.4793103329003,3,8.416847795956512,19.359106951485877,324168.9943118945
192.69457616722798,4,12.34537133337928,14.609271592447922,325200.1493066694
139.02418147446156,5,41.92746074514141,13.848721507582212,221815.99287567832
296.62881219824493,5,17.80928235587971,15.330282448498597,507247.4871491075
201.4437048392218,3,41.34074868982095,25.970313685596043,256858.60555808505
109.30669793399862,2,35.45068621435159,14.373840136363391,123862.42922914881
75.44561815510093,5,8.858546263593276,28.25802196712485,147578.5200363462
88.21478479608301,4,25.372318305987108,15.616109144293455,153765.8011542022
111.48943209612703,5,33.869366075935844,28.52682010224585,180055.65900059784
90.17034331488892,4,11.751860740191255,25.152125154203198,144676.32338278962
96.64175601282645,3,41.534425526003844,11.510508355859045,134519.05340805312
121.27379217346177,5,27.24138287725934,26.045601217601863,212959.89552405695
93.34339882368872,4,8.26210252213016,4.191835241832342,212837.58323716614
274.1913561566063,3,29.14922130823012,27.826368084947422,395327.95244943455
70.05843641541055,2,49.9856902077957,19.31766193740386,56976.154725784654
181.12784739256367,4,7.5260745831706775,2.5773317071470245,341544.87244136486
152.5992067474154,2,40.83784650597641,19.683444985873535,192150.65695905717
295.59465422715164,2,10.365450159377898,29.25318197019793,404679.54114381905
78.00972554201309,1,39.119416473004364,3.024218983824239,113957.4328745583
149.4638997614354,5,36.72889615607066,17.0859435836225,273268.886806153
292.3676083188422,4,15.024469280021618,22.686036143021802,470068.5547772126
266.37678147349504,2,16.29115587822249,24.497499014286408,367891.0945074233
254.26801773731998,1,39.62606959814596,13.00099649430308,343861.1257884801
114.47570676123496,3,23.07227559436563,6.920830215879047,209475.1731822753
92.72189684751646,4,36.54090143559044,2.2279260843991313,159738.13814106883
217.16080498110776,2,7.399207368291738,17.81205855581952,348135.5594172083
282.34399728189646,5,42.62788909507768,14.134421037760713,426528.45058490866
189.19072325348245,1,35.54423583411596,28.51358745934162,221783.7614230606
192.90317236747495,2,45.34714044174169,2.757542323732384,300291.7680557931
119.99477341507104,5,6.618618951748623,20.876464959934165,229924.65929058412
242.37323329798423,2,29.650725018029885,1.7240204414816578,368204.11804863706
96.76093713938084,4,29.956029252016258,5.971591124605739,193257.1060975474
130.91980910106093,4,17.673037027339124,14.15379099776219,258177.32300773595
156.3591096541042,4,22.92332122846289,14.191300841283178,259016.72700100654
176.90259467111377,1,1.8990781644926735,20.885315745075673,229969.85447403745
110.60243310377007,4,37.2930019313506,27.396178011164942,147461.65986785476
78.70920618480088,5,27.4661239701587,19.531932608532703,128246.1102056839
202.65501061040814,2,2.887052593458689,28.652517837693754,297256.7961274934
122.15763831006394,3,34.037794648024274,26.566853556461933,148353.70991343987
195.30955535565306,5,23.339103861559394,17.950494070392917,330599.153720151
88.59067881855057,5,1.72306297125,25.17996657664599,194447.33907456894
170.28502546370436,4,48.48038634240477,19.634750699385386,242023.99558823323
183.14735813789648,1,47.45560715447203,3.278177096788087,252095.43178962247
62.95588420560673,2,25.645120807359877,22.476376974525788,48264.62399475434
134.15106954848017,1,4.68362103529551,3.7523447967530403,223419.08511877863
83.60366923474356,2,37.73106107992959,18.22840063652166,96346.2168181245
65.84374261819194,2,24.59655500528645,21.376565969888638,70087.24151992919
297.4900580974863,1,15.122373914468994,2.929300638114802,447217.5142746878
130.58846124368074,5,24.57090887642784,7.693044963869421,236624.27364156337
252.4686114636587,2,26.122207270273222,27.554494735587845,339091.73161324364
113.66016369094096,1,28.13558495111696,18.873120274753994,122483.37325543743
220.3756805559823,2,22.061185682766325,8.142294545505415,313326.25690363284
240.05696497242164,3,30.287765156952833,21.029713363292192,337672.12417149707
198.90968515196107,5,45.93673553031887,18.306516178888998,313876.080970557
167.8940471375396,4,18.113404354929557,15.545695297620503,273526.8929819212
152.9602285368171,2,36.28582316099745,29.309422274654427,138353.96651916308
137.21706663574884,3,44.72262784121161,20.82015954481776,195608.4661169091
282.38228606195645,4,22.798963787996847,11.887792180369468,454867.5328178539
257.6548519469323,4,22.172791819095206,24.202129530229172,361795.97390229674
291.25672766662814,2,30.105849267738975,26.652915494714446,425497.8553379652
81.07430587138619,1,29.570337971124406,4.631396225988111,121399.21335367649
232.71686880091107,2,40.32946711631385,6.816036357512728,329879.0326040023
284.58511420525946,3,23.824169188914635,7.2705832647056114,435874.8732190628
95.30826654141504,4,49.806147481972054,21.04514247220967,137113.83554713897
66.62406684169437,2,2.9735784433640386,18.488147096545216,103021.1298493492
235.28016232251477,1,0.15839242903508688,18.950755376259057,342991.6891742245
193.61827829497798,2,32.00991557798119,28.282425690995527,229258.34638366895
260.457194189568,5,14.921745618093835,23.50143445141187,445227.7570780089
84.94309415657237,1,12.01911943497419,4.710170810841712,118873.2483305677
248.81682796497256,3,15.594954000214024,11.07770539033025,405686.3633964178
100.40683001193614,4,12.802378255247715,13.626415739096332,178600.94637760846
90.91398571642613,2,1.5395024830223925,12.482886073680541,189587.86373055802
91.06644948274823,1,48.576652119529435,20.409949665694498,77635.97300768278
253.64368005784553,5,11.037274422639086,26.864899994440314,458961.92982385325
216.29930517405003,1,36.70148812946532,9.875492442160851,300410.51439217874
180.76635619227983,5,38.12981973470876,17.004436956214384,290588.875288252
139.70762103087563,3,46.46286990036146,23.892873235493983,187753.52707880197
269.3001352032771,4,1.5274728546689986,13.070323706515131,469790.7498101146
148.11127685565884,3,43.602416922350386,5.87542572357958,232413.5090814451
254.14985986789426,2,26.361309041990012,14.773577992648699,374772.2118550348
159.7837271425546,1,31.627205498291396,2.6014531015478255,234271.38595355998
144.2361073562269,5,32.22351385605168,28.32912016606603,212567.19168467054
165.6699464174016,5,40.989890249236375,3.169814950654218,285202.5234046083
125.34446854103552,1,16.670366107955527,13.715244742266767,152002.59223984776
236.90234504406277,1,36.65255949299967,16.36655657156726,307880.98084551765
175.6800975231198,2,26.428905486109855,29.57381113633128,214596.050953806
108.05317378670432,3,39.66970071526739,5.814632885642963,156147.23570465893
274.89364331864215,5,49.52730163850667,4.318514039758398,465805.8484177345
145.97280534330287,2,10.03255087018806,1.2524782648137638,250667.37291718592
185.88821527849714,3,49.732432077999896,5.511571669209767,280610.6823718891
276.61802774113676,2,4.4906077141387,7.010916392962361,432544.7615340327
206.05949897849803,5,0.11587739524069329,19.286847305909678,364726.2549252034
79.22451017709102,1,2.208096808891563,7.371496921350611,109265.70718690909
284.9580309033688,1,17.089120236838085,1.595103627150431,441163.8232519743
206.92701326785448,3,31.645316533921708,24.971932019572172,278248.94610391784
133.72640366427152,4,3.4514770443924814,11.602275329115036,257074.43479417692
84.81801816584681,3,0.2832907264783635,11.257203910841284,189359.4846446898
248.506297317574,4,46.854551422939736,9.77189184586987,381377.24469134124
205.01818898212838,2,41.09633179699648,29.285825037246205,262269.83371249156
183.36527299408039,2,40.45915855695155,5.933347101969163,271252.6919707658
273.4731457627394,5,44.22121377509885,27.048903854643818,416562.7106086385
247.14930280613268,4,35.00171363860522,23.52729663205675,375122.8739350516
87.91871993318779,5,5.220206487404072,3.217918709480079,218798.4374543535
127.93051694888706,1,19.95500940368615,29.61514394352461,133232.11766449682
112.12228495361643,4,36.157474323231476,8.869612942631306,186065.0179985447
235.98657314316924,3,14.016723039576046,3.8589048836499575,392867.18372488924
58.38310868394485,1,34.37031820681188,25.050112789647024,14325.72930305887
192.47242121782912,1,1.2249224133826175,21.493590476653296,279581.35485620337
240.61467143517262,3,15.306867043979661,18.899345370459123,342323.98793768435
269.19140919043735,1,27.456516813858634,5.523445047269061,392499.50624414155
135.52043717897686,4,31.604491475312113,14.876387371422895,226972.1900716416
255.31432616800322,5,28.852033223095543,23.6361247797292,410537.4459320914
77.6579342388018,1,34.88781380367148,9.805094206171367,97356.38337517077
261.61307293362955,4,0.3044374119919535,10.039005026936202,447745.30808393576
81.8721655829956,2,5.047059998876074,1.0910862753955413,159410.523493407
149.32182264009182,4,43.447212613957255,6.053058647716007,222681.2757279516
249.32384144488842,5,34.08743220450806,26.386763128533193,380895.05047372985
87.47935683719345,4,5.646582134300565,13.810648257493504,190787.20307413096
107.31284880816037,3,42.10372186992896,29.542800477798586,99692.52435366716
230.56314209826658,5,12.111560891228345,12.475530943639985,411178.24087465275
230.00913413651858,2,23.912994209761173,21.740407188626996,307457.1365395058
210.28690822132432,3,7.259825644233015,9.175652244237146,348154.42762270314
223.487111116775,4,35.50550282108533,11.550479593087072,347359.04233647906
185.68111083689905,5,33.34272105071339,6.531053640135945,313408.9038599619
112.94976472673818,2,10.55562355830681,11.064808686482454,182529.45588323256
136.42399837597986,3,43.17003834285009,16.86988809219865,186982.2316063512
95.39942920035642,2,20.06530121098561,29.761413548398234,112700.45228806054
277.11264033340706,4,14.62575455353709,20.261849679081784,452436.0752083928
195.84794869153012,2,7.616479473226772,6.778132677841107,330978.0592647214
150.21285419090998,1,13.308400625776873,2.303881806154983,229405.4182299181
165.50145091103317,3,1.1013460611908499,4.664337958120807,316851.46975816553
286.82083490295383,2,29.16287462280578,17.314100836918374,391803.55844692385
88.33785077902004,4,42.111537317197396,23.189649535686222,137650.33721838222
196.5574580041993,4,27.449022472082092,28.27215701172166,297733.7067556913
176.4721697211165,2,10.963698096193786,1.4588719879078038,294323.2022973872
202.86355885866195,4,1.683458910693636,16.160044105294226,356962.7746791576
54.52754595521013,5,10.731403662940142,14.655153330472126,127338.52543389887
268.03097723603787,5,20.806071403554615,20.025595637295414,423238.001027036
283.0295706209031,5,37.98057143498983,17.227786779494917,477755.63372853
191.28329589730222,1,9.392142626888706,20.924135366891935,253153.6978123217
224.16270596922305,2,35.98957266773431,20.08439495772652,297340.7950435467
280.6248452943239,1,43.34667341759418,4.39334002088044,372269.2723685114
226.80965857834966,4,22.697342405417853,24.19181949494287,326906.8318897683
88.13476072856534,1,41.071599582129664,4.573744695773421,100658.26893698727
194.0720900417033,4,27.73286740175478,21.257388131064975,295736.6725760393
201.67876159571398,4,31.854541854045248,13.068215661577595,324553.1845675073
156.0326678255965,3,26.313923016910135,15.90167130272134,237239.04522177452
234.11105890618072,5,23.158635837567086,27.195642416895605,410958.5839068232
283.59175369225375,4,11.732672088792468,26.80662806773111,434963.00260304165
281.39212822669407,3,15.159702973052303,24.717832863995856,441191.9252581488
162.70984285103305,5,14.498505947180451,15.794303033233374,322608.01548857655
78.30951146018882,4,28.164446547690737,22.35095449388116,135902.27593390996
296.21029974058365,4,5.997684651194496,15.874014610045473,483042.84075135336
259.7245216114835,1,45.83958453511676,26.218576391768547,290887.9600565805
81.16567030081671,1,36.03275726415566,12.680499163754098,87523.90801956982
280.2104706543431,5,20.07228154565968,29.136824988031428,457251.9556553062
267.4740905155321,4,7.931207226318898,28.037359988637448,443420.52053394914
179.70951428151804,2,44.09960848608179,22.50647596410178,206202.34169428996
197.81885893623232,1,41.18890450505826,9.103060641106088,253680.36677929905
149.75067596753257,5,36.08607763585896,4.817954075004494,264746.0593090882
63.69040970550783,4,13.577352370562117,25.786400052702728,100883.29219574036
133.79931041147523,4,20.122331871683446,5.793766298000877,258954.91416306203
250.71336214950287,2,5.137412622621168,25.773562880922736,349195.9332993017
51.15800575115072,5,9.451976236376586,15.232185194658452,124456.59434127744
133.37479292278604,4,39.15083186583664,12.790146730435023,227286.0020133065
149.54217339773584,1,35.75193594253419,27.192532586198443,160937.34083232586
184.3489007344807,2,29.674288148796734,18.51167849366806,255075.87393461584
279.9639041031901,5,44.78633629630864,17.721806206761816,429922.59707196685
136.5864985914903,2,29.16332589065227,17.204212394107532,200703.3463815886
136.73830047405693,1,23.348399998180536,11.763915964566412,178448.5717435689
234.3753120274371,5,17.018537315288135,23.78365000234469,422679.98280249967
163.05448522245177,2,47.02242528680863,8.331154876457418,223314.48533600487
106.1512057349955,3,4.135773076217674,28.227953841196975,123634.91021617423
163.10987903317334,1,46.54436860304042,26.925570946361862,128601.17503234286
85.21425509494996,1,41.33573299655092,10.786929444572047,94271.03988441199
94.09674662655583,1,6.496496226785064,22.154449325118247,129847.13734777426
174.59194318486993,3,28.24921788376268,17.62347263903815,246634.32966660813
154.73136237613699,3,43.327399087454346,10.791829757977803,258700.66655245278
278.711475267025,4,28.590458180357686,29.667127791867955,435087.48319135536
140.59847477915827,2,45.359991078031115,1.731883029599662,205232.15648312418
195.14708756951086,4,47.14919084080213,8.326734888017313,317009.77987277147
208.0660719798826,2,21.119226109215294,16.08214777222336,312233.5395769896
53.27361414708341,3,18.86568307031618,16.136637100878353,117121.38740835995
215.88434300417765,3,46.81605769845784,18.07905917342136,311084.3779621496
94.50899171743785,4,33.7570030574834,22.798608988664657,145228.24132541128
290.2675793673638,5,5.801134067408464,19.080857085059595,501523.03877731774
87.16568193827824,4,2.11458746113406,18.408162355313074,179878.01495739553
153.65603093175594,2,28.231452549863157,2.5519194244782555,251014.90780793916
71.33741701966096,4,46.50854827192123,11.919378345889651,93108.47116959788
299.21856296148684,1,42.21243512029092,7.729616451333524,415893.9781684842
175.54875258281066,2,33.79238732321682,8.695733236457286,259045.88269178066
198.84625433001094,2,6.955792444554376,17.075786755870002,296069.3080329394
66.76911934710687,5,12.71156918743478,6.785654132958644,185633.2982305716
237.49011759979444,3,43.77556132763081,9.524523929490028,382228.0815216164
102.47639827389645,2,9.140361832845024,7.875456547002862,170896.57945056053
274.51357236017844,3,13.921970412521729,28.506585353327647,411211.03363170597
101.28491012050179,4,6.480032559772098,28.39530623296176,192750.69156183032
97.67193016591665,1,33.80541157072056,18.688305199285498,97749.34086871124
59.13741696202372,5,47.19911526816048,27.811151593225098,72557.75895304275
168.01673627749983,3,13.448401579769298,23.78856671858282,260236.25213563372
191.2102833156541,2,23.770330392503684,18.108488601252454,233803.12532650138
66.4271598570881,3,31.716986985560215,1.1866211334070758,91075.00496381758
243.88190417375264,2,49.97331241078153,23.402972296302718,314038.7799639859
163.3222086870069,3,5.2404032498786055,21.372161906065596,221824.03022227253
181.09756733189502,2,24.928539975285457,18.842355945190008,229305.5829957542
160.19068673455703,4,19.256005995125,23.05230503879168,249223.93557647237
150.1907652188315,2,43.29100826111776,15.874742778468205,179424.4087640048
189.91008282705448,2,23.798386550582794,21.418414868318834,256012.81040015453
88.81006148267812,1,5.548876229257404,28.119990515068306,108119.28707615062
95.48203262381779,2,31.72120726432918,11.898345459536502,131282.36292278345
265.44640525337934,1,38.53903091319399,21.535533212118136,323969.70451594685
286.5288655334082,5,0.14406258328072963,14.794946722317803,520375.95836396003
143.32732906993823,1,42.947834271031475,20.557589902605464,129495.12098050206
117.68616828588844,4,9.30115000028328,23.12390673107656,204308.54159797775
210.99988580975395,1,27.60346823266889,2.318122512638083,281158.8258315103
152.18354277452408,5,20.789875034372507,19.751412874511196,271767.38196434936
56.346588915086215,4,35.98269083052652,7.575494347801393,108606.79278811104
89.03814934154758,3,18.558080739287092,20.430943596419436,150370.82475309088
228.9930572118494,3,43.48815883408554,14.581575392080591,341648.61826744076
214.73098547753784,1,36.52481804793951,23.433029514081728,249898.51116032887
56.773998125870875,1,32.38565855314607,4.578623640962297,51933.996741492025
105.49304048323737,5,39.812029778142715,19.16334819802966,175374.38355517236
107.76869914701786,5,37.701151746419114,9.075651138899017,233934.1665968247
217.9731858996821,2,1.7969337460776669,25.736477864587155,337975.9165908924
54.92763443859104,5,19.736717692241406,27.923121663452918,92284.46785820954
76.02714549614346,2,46.54036486582449,29.89555051669261,59712.6324150257
249.97902134329735,4,6.286213449611311,24.084214670391216,374542.41779109335
94.6361655135834,1,36.85482752160256,22.85828804241213,72672.70774808779
213.18652696296868,4,48.72959056676648,7.24952200715898,322637.69057043165
109.54569526168163,5,2.6099314522485817,10.744204710713154,256259.39388243412
74.86034818983629,4,34.10969403133052,14.504793711106107,109810.47803438552
110.79304774986352,4,23.407707065051518,23.428050385685243,182366.01731971034
230.5667329639148,4,28.958762768736108,27.53401008726109,341833.96832610335
263.9241170265714,5,4.267066824216243,6.485033900666554,476017.30846836517
257.5549661417479,4,2.1503475933469742,27.748657055432982,433758.53176957485
149.2958824046137,2,33.34333302754609,21.173114918267682,214649.71862785376
217.02128414266153,5,41.165471491035895,18.71235118986612,344775.8600664296
101.24607385395524,4,39.10076674664836,6.795396867176246,173988.8057909321
123.28693256525331,5,27.19028639331187,2.610225951465366,229916.56076958985
274.08395463027995,3,4.993341056808909,17.48548205673026,431097.7419665624
53.25048087768401,2,34.40222219180069,19.89395481653788,74985.13832783942
71.37713271361702,4,12.094444177707297,7.112662031285959,158814.90073722746
101.97156378650683,3,45.55343513836918,17.137229968938236,144060.8398506713
56.63305096845493,3,41.913267977285244,25.838308680114633,30397.23125637891
95.35885877244934,5,35.469148354369544,25.21691241819558,150613.69102190927
195.76039024242306,3,47.44229779155652,27.893300237002617,257348.6666851126
155.3561376481245,2,1.5710910755636465,11.610688477149532,249829.67441304482
273.1679277692437,2,36.8100212530381,10.223437603976642,404865.0052090326
254.3608904346102,1,16.512138966820267,22.733354173443452,330522.4100698282
135.45433792446897,2,45.30329428431826,13.502259747813145,144623.86487440392
114.85585835782312,3,13.33375983309888,3.538911256805638,228703.55864485857
144.92310204181672,2,36.242824965750856,9.201232789444491,188697.12317902164
197.57373562870194,5,43.88235098253907,13.138886280413185,333799.5403122172
117.01591020571907,1,2.0828409191341213,9.482976338811309,181237.9247091481
206.0372269622835,3,19.882378979601807,10.633961557472327,302949.24042339897
152.3529130478101,1,38.115451601096936,9.519501279057332,207111.7966711039
188.01179521299505,3,22.745944475379353,2.2034758483093038,306366.28872956004
159.03163228382917,5,13.362631489679766,19.475746323908833,287059.1436180508
123.61643988547942,1,10.990267441159501,18.32148019025061,152418.69354707506
287.11332674053915,4,6.575913345818895,19.948121455881736,488536.70638672
240.90144853994022,3,42.85647799281411,6.576986984975196,385494.0739699068
85.02829394161313,4,28.7677701625778,9.573981706762073,132441.6885797569
267.1169939744782,1,3.819247249572799,18.968861881402745,412800.9267779618
171.8577995623784,4,19.12901617853177,18.38919948533772,271704.6832066325
273.6380567235228,4,18.386682540255496,15.683578971273766,472239.79475720885
249.9638139868288,1,9.086959535473149,11.161984250295724,359691.6493620788
156.30337611730835,5,21.775381273609533,27.474999138466007,252615.93403404194
55.61732708002935,4,16.604968269656823,10.85333702666647,121404.4323008869
117.16933984623653,4,17.090185274609127,14.212955536680296,204226.06874669273
185.40855366521674,5,36.95132788939793,20.665301097672053,337696.8484804314
208.36955495653683,4,11.163169275259815,16.74762149513616,346750.4721794636
114.47192135830058,4,32.092997942767774,11.05969331456718,192961.0509774684
84.83901851820603,4,28.532481194046746,13.633698923238786,152613.81009917893
258.7325591998248,2,28.404625616893362,24.039943717751676,337104.29779346986
296.10054517588804,5,33.15036730708879,9.06574550911176,516825.76745287346
181.42254557567145,4,27.4191018097827,5.125401953527647,292397.7001112722
92.91982146207587,5,43.96275574231923,10.081732853063535,166043.38163859642
118.07683162984223,3,33.77900459751299,25.63649224914914,166113.162996654
54.597669136866685,3,27.348162568569407,3.580701730834053,108022.21963657402
278.5747016401248,4,41.48815601438224,29.7591861278011,405093.7519277034
79.43777072253528,5,30.307328246673986,16.68908406890221,178468.62144960597
194.1291188785634,5,14.55721238925895,29.560526575045728,332572.4360034819
118.5138051718015,5,10.35474590882856,28.230896240493347,213016.31454500413
188.54450062894836,2,7.616389283133939,14.131597712116585,318277.3059838324
212.85509708796604,3,44.97276062730508,6.756241163555123,311372.3604455902
257.4354509268004,5,35.50677158990329,5.781658520389015,437578.443144631
101.6053179401508,5,46.86892190821604,7.959691552228768,189163.0669250111
52.74895716462012,2,30.16459028574715,21.593846576371583,44234.82581818518
84.22140751720181,2,23.67004407474563,8.915549847213146,108792.8076522134
275.00466046202627,5,2.9858244485444665,10.90133281852465,463963.7532300381
268.4725193906288,1,33.58211407730149,14.014585315843828,367355.5179926419
199.35327554257708,5,29.110437988411558,27.483747732222234,305449.87307774974
200.12921510841335,5,49.510444679381074,6.492409118660537,366315.6915806371
216.25916863656386,2,11.957938889112151,1.1457700256842904,349051.13916583644
93.8428196558624,2,26.536867764341793,2.7427959009669345,144969.4310551456
278.60298648123995,5,32.547866755903634,27.23822390872342,447295.2619445493
154.69263122301828,5,32.22955873711718,19.77797748045753,266286.32269821106
145.78463206237438,5,28.064677147420134,8.918177960506396,270143.1536083229
179.7294263207094,2,38.84640051636127,6.138582529324542,248859.59768958707
61.74149169376376,5,10.249060476340821,9.533735362476316,218161.2333993383
91.57084218901986,5,36.28136001372079,4.329110890287123,197843.46792316085
234.50840410659262,4,30.98672857165446,28.30445439824879,360433.4124525028
70.69966698128161,1,44.80375558972867,23.74197905659274,18417.603965505834
200.78802736659705,3,42.359721951679084,14.409344130463682,281333.850040934
111.33727742033024,1,15.757351956627662,26.08391554834086,150765.9214015403
147.32390351049412,4,13.811866248757653,8.234287924503736,291659.3772583106
122.17343419267496,3,49.08266619262239,21.796496485693613,157448.82368100208
138.9181791162373,5,26.363259045762828,25.82784247139856,224634.76130884065
229.76147629606137,4,45.32104819572184,11.346292637074907,353118.04439487174
124.28042890579376,5,8.19405118902411,22.966468918070813,222151.99330468298
191.6011600742243,2,32.14094574000871,9.557098128664972,258793.85816191815
169.0126005497749,4,40.493009368029306,9.666856922511894,287549.8403755245
215.91779134066203,2,47.36976247932234,4.1046581780713955,316380.07651740883
284.2074348311895,4,16.867007050851175,13.761683348772562,472961.9607435221
233.14302430256257,4,36.24905849620262,22.161645288425245,344088.7175613568
103.73509464768918,2,26.94065045198095,28.266403361567264,115963.76942341575
57.79578376532117,3,3.03144630332341,18.510112765943788,100161.34733815875
115.56601107495626,1,34.49998686544717,26.030930594336432,95877.5476167598
198.7694826750637,5,34.50482791189217,24.852344829416584,338950.6429840029
62.856453371062585,4,46.53034024232685,6.026948536283145,117523.05219431188
174.09156180030908,5,24.86562230844862,15.088705438466313,313706.1245893805
199.2107122292223,2,11.512546035525734,4.390782530236352,331058.2674556975
133.5609727042402,5,2.2281911724339576,20.782441685287413,258558.99780684686
242.72805093645547,2,20.782109334295285,28.547090379136204,329825.2774724929
76.64956328344294,5,15.095835003875091,4.975594284283939,173627.94369841585
68.78444543395219,1,38.05441530119378,22.282610793273697,27115.305836638334
232.04718905090084,1,17.713388242052332,19.334906375167968,297470.3612570362
173.87282905154962,1,47.453559815742196,17.924546073234893,206588.46786742046
222.100599106934,1,48.11551014938921,12.313486805961837,281471.7746914191
158.70683465093657,1,31.045429510885402,11.298817784860564,190976.71343931448
111.6005083097767,1,46.433014350744145,2.312226481547748,145044.77777535352
254.77557941854994,2,38.04271722572478,7.31935253930839,377633.7937377949
249.8539697422448,4,27.34298204875631,1.4401295863179802,414133.2235224844
223.67411771360668,5,9.015396771138906,17.861096061878595,390356.1745060748
118.03628430749067,1,22.929897175692,4.069743840459356,174192.16673053245
197.5576667172718,2,28.043723168130878,26.317562426861766,242782.32174226193
140.24347423500672,2,43.19807903675051,16.171147600217793,183318.23858876326
72.89551833165854,2,24.066668826783243,21.291007362702544,87209.94800775287
279.32839386556066,4,44.88373363389783,12.914855663374396,413291.150255179
84.20465772974035,5,33.717448951173445,17.256814461030412,161372.8597463478
287.55933845520065,4,6.849953152683569,28.337116132032286,453299.5510658914
161.50144323948894,3,49.74906846625465,3.3992871490864522,236314.5052027239
